path	size	sha256	class	machine	buildId	soname	needed	exports	imports	jniExports	jniOnLoad	registerNatives	status	registrationImports
lib/arm64-v8a/libAWS.so	334320	9b8a4532d158cf20d86ad89af805d68fdf893d7ebee231574f7136ce5696eb5d	ELF64	AArch64	c154fa9b5715f0e338dbf6a6f41ccc0e61aba180	libAWS.so	libandroid.so,libc.so,libdl.so,liblog.so,libm.so	511	63	4	0	0	NO_STATIC_DYNAMIC_REGISTRATION_MARKER	
lib/arm64-v8a/libBoostAlgo.so	333096	90fe34da5165c4711b3a02083690fc3c9c47816a2af43ad68dfb6bc151bf4529	ELF64	AArch64	729c5c0250b236c27da4726a23415393d286c935	libBoostAlgo.so	libc.so,libdl.so,liblog.so,libm.so	510	66	2	0	0	NO_STATIC_DYNAMIC_REGISTRATION_MARKER	
lib/arm64-v8a/libJGRawHDR.so	7464	f9ae5e081ed2b2d1d57552247df09d6b365b5e66ec9c441dc88e31dd0cf67bac	ELF64	AArch64	462e21857be9826841a7c320f2d4ae5c0dd1268e	libJGRawHDR.so	libanc_hdr_check_nothing.so,libandroid.so,libc.so,libdl.so,libdumpUtil.so,liblog.so,libm.so	8	9	4	0	0	NO_STATIC_DYNAMIC_REGISTRATION_MARKER	dlopen|0x0000000000000000|0;dlsym|0x0000000000000000|0
lib/arm64-v8a/libRawDeepDenoise.so	20328	76191137dd7b9a562b06fa69c36b0a9f1a2e3a76fdaf13557953692282709521	ELF64	AArch64	3c71a5f288589c56ad0ef7266b0ea502c158be8e	libRawDeepDenoise.so	libandroid.so,libc.so,libdl.so,libdumpUtil.so,liblog.so,libm.so,libmorpho_RawDeepDenoise.so	18	23	4	0	0	NO_STATIC_DYNAMIC_REGISTRATION_MARKER	
lib/arm64-v8a/libRawDeepDenoiseV2.so	19984	75aa6d6682e770f3da1eedb4e1beacd9a20cf2431e90191a7965e7528e10570c	ELF64	AArch64	b9dd2b625bd6cef9f353067696fbb2e8a17293f6	libRawDeepDenoiseV2.so	libandroid.so,libc.so,libdl.so,libdumpUtil.so,liblog.so,libm.so,libmorpho_RawDeepDenoise.so	18	22	4	0	0	NO_STATIC_DYNAMIC_REGISTRATION_MARKER	
lib/arm64-v8a/libRawRPS.so	8656	51a365544a16f190433dfc22c0bd2e75f36f00185dc2d007e5ab42aa04291fbd	ELF64	AArch64	640dbc121ed9301c15a83a727bc01e3117d736cc	libRawRPS.so	libandroid.so,libc.so,libdl.so,libdumpUtil.so,liblog.so,libm.so,libmorpho_RPS.so	9	13	4	0	0	NO_STATIC_DYNAMIC_REGISTRATION_MARKER	
lib/arm64-v8a/libaimoon.so	6744	454aa68adf8ca9f879f4eed5fc4e5b1098069c1298ad5f8d1b362fd4d945dc90	ELF64	AArch64	d380c3ad1ea3fa5e718ff7c0d68a79f65c0b26fb	libaimoon.so	libandroid.so,libarcsoft_ai_moon.so,libc.so,libdl.so,libdumpUtil.so,liblog.so,libm.so	6	10	5	0	0	NO_STATIC_DYNAMIC_REGISTRATION_MARKER	
lib/arm64-v8a/libaimoonv2.so	8872	ab779c64499986d9d919b2013add82bbc770a5a910b39b70d6f51f9559b60b46	ELF64	AArch64	ec3b16f684613b83620edcefa880a6db32ddbc63	libaimoonv2.so	libanc_objdetection.so,libandroid.so,libc.so,libdl.so,libdumpUtil.so,liblog.so,libm.so	5	12	4	0	0	NO_STATIC_DYNAMIC_REGISTRATION_MARKER	
lib/arm64-v8a/libalCFR.so	431680	d40edafece37c92e0b06841323edaa93bea0fe9fba0d16b3d2d17a554389b8a7	ELF64	AArch64	c80fee8fba4472afcbf211914700a3bb9a5187d0	libalCFR.so	libc.so,libdl.so,liblog.so,libm.so	588	77	0	0	0	NO_STATIC_DYNAMIC_REGISTRATION_MARKER	dlsym|0x0000000000000000|0;dlopen|0x0000000000000000|0
lib/arm64-v8a/libalCFR_jni.so	10776	0bf86f605441aabdcd79fa4f8b9e640f9ae45f44b1fdd0fa6b9e42c62954d45a	ELF64	AArch64	e08d0d1bbcc1b1db11ed853d45a67c0cafb77db7	libalCFR_jni.so	libalCFR.so,libandroid.so,libc.so,libdl.so,libdumpUtil.so,liblog.so,libm.so	13	23	6	0	0	NO_STATIC_DYNAMIC_REGISTRATION_MARKER	
lib/arm64-v8a/libandroidx.graphics.path.so	10096	41e9a793c43a0f4fddb19e33f346bace464f30f888ba7b9eaf96294ea115bfb6	ELF64	AArch64	a7846ae06d6bf6cf63fa7c5e056b5de493c71567	libandroidx.graphics.path.so	libc.so,libdl.so,libm.so	1	7	0	1	0	DYNAMIC_REGISTRATION_CANDIDATE	
lib/arm64-v8a/libarc.ion.so	272576	970f893af9d4fde7bc605ca047debbf91df67a5222b07043c64656f02437176e	ELF64	AArch64	ffa5228f9800af7b380bbf9a3455dbeffaf90930	libarc.ion.so	libc.so,libcutils.so,libdl.so,libdmabufheap.so,liblog.so,libm.so	585	75	0	0	0	NO_STATIC_DYNAMIC_REGISTRATION_MARKER	dlopen|0x0000000000000000|0
lib/arm64-v8a/libbarhopper_v3.so	4285440	b113238353dc1f5e3ec7dfd21c3f3f2ec3eb40d6fa34efe386d4e66c65ee6af3	ELF64	AArch64	1320f35a695ec81f5ea1b87bcb3df66d	libbarhopper_v3.so	libc.so,libdl.so,libjnigraphics.so,liblog.so,libm.so	10	182	8	0	0	NO_STATIC_DYNAMIC_REGISTRATION_MARKER	dlsym|0x0000000000000000|0;dlopen|0x0000000000000000|0
lib/arm64-v8a/libbeautyShot.so	41904	695da24a18f712c012d741951c9dc3f22d3d3994ea6b3085921356023a37f291	ELF64	AArch64	a969f3c10702ee1952ccaa5f0a1c0d52fc0b6ad8	libbeautyShot.so	libandroid.so,libarcsoft_beautyshot.so,libc.so,libdl.so,libdumpUtil.so,liblog.so,libm.so,libmpbase.so	38	37	7	0	0	NO_STATIC_DYNAMIC_REGISTRATION_MARKER	
lib/arm64-v8a/libbeautyShotV2.so	11416	0baf00cc2b6f5bce3399051300f839c465e6966b8ee5b22490a81cd1c9eb90d2	ELF64	AArch64	2cb8a7e4b1e3598b5408f5a1bf00359fdb58e3de	libbeautyShotV2.so	libAncHumanBeauty.so,libancbase-beauty.so,libandroid.so,libc.so,libdl.so,libdumpUtil.so,liblog.so,libm.so,libmpbase.so	21	23	5	0	0	NO_STATIC_DYNAMIC_REGISTRATION_MARKER	
lib/arm64-v8a/libdarkVision.so	48416	b788c45f15371a1918f6f5d641ddfbe5dd5f8e2c02fc31794e01ba51d844afbb	ELF64	AArch64	8af4c0bce3ade850134e066fd6f2bb42abf42d0c	libdarkVision.so	libandroid.so,libarcsoft_dark_vision_raw.so,libc.so,libdl.so,libdumpUtil.so,liblog.so,libm.so,libmpbase.so	33	50	11	0	0	NO_STATIC_DYNAMIC_REGISTRATION_MARKER	
lib/arm64-v8a/libdehaze.so	8472	00ed1477ee42cc999d766b267b068786a9ae43208d0967aace21ea72a9aabc77	ELF64	AArch64	5ae29a8182c370635beee874c7cf6e8670d1be3a	libdehaze.so	libandroid.so,libarcsoft_dehaze.so,libc.so,libdl.so,libdumpUtil.so,liblog.so,libm.so,libmpbase.so	6	16	1	0	0	NO_STATIC_DYNAMIC_REGISTRATION_MARKER	
lib/arm64-v8a/libdistortionCorrection.so	13576	cfe1900646f856d7181117f0e080e51a75e1a3f5878334211bed80967762885d	ELF64	AArch64	9adc4c6d23b1244e1294fc1454c588a78006dad8	libdistortionCorrection.so	libandroid.so,libarcsoft_portrait_distortion_correction.so,libc.so,libdl.so,libdumpUtil.so,liblog.so,libm.so,libmpbase.so	16	22	6	0	0	NO_STATIC_DYNAMIC_REGISTRATION_MARKER	
lib/arm64-v8a/libdngtimeeditor.so	279312	37ce3737fdeaeff3a8c73cb7875c29e26f1d4ebb215ada2f65a6b4203e2ae48f	ELF64	AArch64	301a0eca21879d076c7b39279029ac8b9614d1ca	libdngtimeeditor.so	libc.so,libdl.so,liblog.so,libm.so	380	56	1	0	0	NO_STATIC_DYNAMIC_REGISTRATION_MARKER	
lib/arm64-v8a/libdualCamBokeh.so	9872	3b35951761800547734b651c6386effddc34f58fc25d30773f873d584ec8cd64	ELF64	AArch64	e4ee0341a52fbea7df1d4662ad03f1a5e4913d37	libdualCamBokeh.so	libandroid.so,libarcsoft_dualcam_refocus_preview.so,libc.so,libdl.so,libdumpUtil.so,liblog.so,libm.so	9	18	9	0	0	NO_STATIC_DYNAMIC_REGISTRATION_MARKER	
lib/arm64-v8a/libdualCamBokehV2.so	37064	b33bbd403cd9aed75c7ec908ed9bb45ea997a449fe2f5c484f542050f6d9cc7a	ELF64	AArch64	9a5265040e14e05cd45b851cfa9316f4d6329c3b	libdualCamBokehV2.so	libandroid.so,libc.so,libdl.so,libdumpUtil.so,liblog.so,libm.so,libmpbase.so,libwa_rtdof.so	14	52	6	0	0	NO_STATIC_DYNAMIC_REGISTRATION_MARKER	
lib/arm64-v8a/libdumpUtil.so	346080	8885501e5a17ac7fb220f3a17c2ccf8bf2394ded025900a302884166103cdd7e	ELF64	AArch64	5faf64a29cb32917975c995532de93253df11027	libdumpUtil.so	libandroid.so,libc.so,libdl.so,liblog.so,libm.so	531	86	0	0	0	NO_STATIC_DYNAMIC_REGISTRATION_MARKER	
lib/arm64-v8a/libfacialRestoration.so	10440	b6ac3ef489adf5bf6f530eef48364bd13226725e2fb0a84585ff4b7f8eeccd7d	ELF64	AArch64	b1a1fe7391a93fa8a11cd5145a8cabbfd7c783d8	libfacialRestoration.so	libandroid.so,libarcsoft_facialrestoration.so,libc.so,libdl.so,libdumpUtil.so,liblog.so,libm.so,libmpbase.so	7	16	2	0	0	NO_STATIC_DYNAMIC_REGISTRATION_MARKER	
lib/arm64-v8a/libhdr5capture.so	38864	7ceff73c1efab8604003d0b3c9841f1187326433d3cd3e007cfb94316d3e49d2	ELF64	AArch64	e223fa3d089051748c03b7fcb717bdef621006c1	libhdr5capture.so	libandroid.so,libarcsoft_high_dynamic_range_v5.so,libc.so,libdl.so,libdumpUtil.so,liblog.so,libm.so,libmpbase.so	10	56	4	0	0	NO_STATIC_DYNAMIC_REGISTRATION_MARKER	
lib/arm64-v8a/libhdrDetection.so	8544	25952b20c4177222f1fd2d55b7a552d87d19d3a371f57bb5e4027591009dbbbf	ELF64	AArch64	1b785b189b214df616be017c759b7bc9f88f033a	libhdrDetection.so	libandroid.so,libarcsoft_hdr_detection.so,libc.so,libdl.so,libdumpUtil.so,liblog.so,libm.so,libmpbase.so	14	13	9	0	0	NO_STATIC_DYNAMIC_REGISTRATION_MARKER	
lib/arm64-v8a/libhdrcapture.so	11816	b1ce83b3404625ef8f830edcdbbcb5a5d46e681a2adc5c396d7e381473b17651	ELF64	AArch64	ef0deac5e636cfa309532451ce233b2217d08b1a	libhdrcapture.so	libandroid.so,libarcsoft_high_dynamic_range.so,libc.so,libdl.so,libdumpUtil.so,liblog.so,libm.so,libmpbase.so	8	23	5	0	0	NO_STATIC_DYNAMIC_REGISTRATION_MARKER	
lib/arm64-v8a/libhdrcaptureV2.so	10792	917107d1dd346bbad7ec628a7892bd46617f4db5e092c7ca44560addbb568b2d	ELF64	AArch64	eb5be3d4b9194153f37a94ab0d59f5a13b6e7b25	libhdrcaptureV2.so	libandroid.so,libarcsoft_high_dynamic_range.so,libc.so,libdl.so,libdumpUtil.so,liblog.so,libm.so,libmpbase.so	7	23	4	0	0	NO_STATIC_DYNAMIC_REGISTRATION_MARKER	
lib/arm64-v8a/libimage_processing_util_jni.so	28944	2ead62ff358ae3a9e9cb5b0278a1d5132a7b410288bc74add8f6356d668fdc39	ELF64	AArch64		libimage_processing_util_jni.so	libandroid.so,libc.so,libdl.so,libjnigraphics.so,liblog.so,libm.so	6	16	6	0	0	NO_STATIC_DYNAMIC_REGISTRATION_MARKER	
lib/arm64-v8a/libjni_arcsoft_camera_pp_engine.so	251240	f70ff82e4cfd2da3fe386cc9bea3f2e7ddcbe99266f27ae5ffd6f0ca2540b101	ELF64	AArch64	4c491132747d50d57216bbf4c17e74877be435bf	libjni_arcsoft_camera_pp_engine.so	libarcsoft_dualcam_refocus_image.so,libarcsoft_dualcam_refocus_video.so,libarcsoft_high_dynamic_range.so,libc.so,libdl.so,liblog.so,libm.so,libmpbase.so	302	76	0	1	0	DYNAMIC_REGISTRATION_CANDIDATE	
lib/arm64-v8a/libjni_burstpmk.so	243664	429dd937e345fdd9b6f3924957437c9dd80616c3bbae8644e7778ee11f5d0eea	ELF64	AArch64	ae97f3d7f19da10f3bae2ff2498d933336675a71	libjni_burstpmk.so	libEGL.so,libGLESv2.so,libandroid.so,libarcsoft_panorama.so,libc.so,libdl.so,libjnigraphics.so,liblog.so,libm.so,libmpbase.so	358	56	0	1	0	DYNAMIC_REGISTRATION_CANDIDATE	
lib/arm64-v8a/libjni_rater_api.so	55280	97e9ede839f70574d99a88b9bed3b1079fcc2257ee5e273d55172c085e7f1667	ELF64	AArch64	c6cb38fa0a06a5c510cafddb35386f356ee5017c	libjni_rater_api.so	libc.so,libdl.so,liblog.so,libm.so,libstmobile_rater.so	109	34	8	1	0	DYNAMIC_REGISTRATION_CANDIDATE	
lib/arm64-v8a/liblensstainDetection.so	6224	58399ba1ae8e0bc21d6a69a102cc2d3fe4c7d3be31dcede816eda8b594ade1b1	ELF64	AArch64	9bd4ac41df916d99e4c0f16bdc776f82dafe191a	liblensstainDetection.so	libandroid.so,libarcsoft_lensstaindetection.so,libc.so,libdl.so,libdumpUtil.so,liblog.so,libm.so	4	10	4	0	0	NO_STATIC_DYNAMIC_REGISTRATION_MARKER	
lib/arm64-v8a/libllhdrcapture.so	15744	c903556cadbe6db594791ab2a604e4f59849213c8d7253d61d9ba50b5743cfe9	ELF64	AArch64	a0930773857bbd75ed49d20c254e6c38ffc063e0	libllhdrcapture.so	libandroid.so,libarcsoft_low_light_hdr.so,libc.so,libdl.so,libdumpUtil.so,liblog.so,libm.so,libmpbase.so	19	23	6	0	0	NO_STATIC_DYNAMIC_REGISTRATION_MARKER	
lib/arm64-v8a/liblocalyuvutil.so	161744	15d739f37b423a36862b90f55b6b25a1c3b7c5e53ed5ede7aa384847b2d816e6	ELF64	AArch64	94f7fdcf0778783da6c8751d3f438184dae6afad	liblocalyuvutil.so	libandroid.so,libc.so,libdl.so,libjnigraphics.so,liblog.so,libm.so,libstdc++.so,libyuv.so	226	44	11	0	0	NO_STATIC_DYNAMIC_REGISTRATION_MARKER	
lib/arm64-v8a/libmaskDetection.so	7160	db85e0a8d1677d54441f8659867fcdaf188f0d75181c7d42b7c43a6147990308	ELF64	AArch64	3feec154146cbd9c44bc10f1f729aec89dd9f040	libmaskDetection.so	libc.so,libdl.so,liblog.so,libm.so,libmouth_mask_detection.arcsoft.so,libmpbase.so	9	9	4	0	0	NO_STATIC_DYNAMIC_REGISTRATION_MARKER	
lib/arm64-v8a/libmorpho_ImageRefiner.so	4671832	4325f721b91fa1ce962aff4f3d4170a434a2dd79aa8ae42404ff8287230a39da	ELF64	AArch64	7514ed48dd74a662e8733bf8ead55a94cd76a04a	libmorpho_ImageRefiner.so	libc.so,libdl.so,liblog.so,libm.so	7	102	0	0	0	NO_STATIC_DYNAMIC_REGISTRATION_MARKER	dlsym|0x0000000000000000|0;dlopen|0x0000000000000000|0
lib/arm64-v8a/libmorpho_PanoramaGP.so	3246304	6079a2c50380b01fd519a95aa74a0ea3250f0705bfb5d57599a4bb477e8ab2a5	ELF64	AArch64	23133842286e71d4ca29972632778aae41028306	libmorpho_PanoramaGP.so	libEGL.so,libGLESv2.so,libc.so,libdl.so,liblog.so,libm.so	20	62	0	0	0	NO_STATIC_DYNAMIC_REGISTRATION_MARKER	dlsym|0x0000000000000000|0;dlopen|0x0000000000000000|0
lib/arm64-v8a/libmorpho_PanoramaGP3.so	1813312	29ffdd45e4750b39776e5828f5b33be3442a2b02be796f701d033500806876c8	ELF64	AArch64	d9202aff84223591cd754418f93a60b7d4d6b1b7	libmorpho_PanoramaGP3.so	libEGL.so,libGLESv2.so,libc.so,libdl.so,liblog.so,libm.so	16	60	0	0	0	NO_STATIC_DYNAMIC_REGISTRATION_MARKER	dlopen|0x0000000000000000|0;dlsym|0x0000000000000000|0
lib/arm64-v8a/libmorpho_RPS.so	1186296	1825fbcfd9a29971a6186e3c183bef8ab577c026f8337dd69809569adddbe8ca	ELF64	AArch64	05a5504bf51904ad0260b075971d5647881e039a	libmorpho_RPS.so	libc.so,libdl.so,liblog.so,libm.so	6	87	0	0	0	NO_STATIC_DYNAMIC_REGISTRATION_MARKER	dlsym|0x0000000000000000|0;dlopen|0x0000000000000000|0
