dex	method	class	invokeCount	status	literals	matches
classes.dex	Landroidx/camera/core/ImageProcessingUtil;-><clinit>()V	androidx.camera.core.ImageProcessingUtil	1	PACKAGED_LIBRARY_MATCH	image_processing_util_jni	image_processing_util_jni|lib/arm64-v8a/libimage_processing_util_jni.so
classes3.dex	Landroidx/graphics/path/PathIteratorImpl;-><clinit>()V	androidx.graphics.path.PathIteratorImpl	1	PACKAGED_LIBRARY_MATCH	androidx.graphics.path	androidx.graphics.path|lib/arm64-v8a/libandroidx.graphics.path.so
classes4.dex	Lcom/arcsoft/camera/burstpmk/BurstPMKEngine;-><clinit>()V	com.arcsoft.camera.burstpmk.BurstPMKEngine	1	NO_EXACT_PACKAGED_LIBRARY_LITERAL_MATCH	arcsoft_panorama	
classes4.dex	Lcom/arcsoft/camera/burstpmk/BurstPMKEngine;->loadJNILib(Ljava/lang/String;)V	com.arcsoft.camera.burstpmk.BurstPMKEngine	1	PACKAGED_LIBRARY_MATCH	jni_burstpmk	jni_burstpmk|lib/arm64-v8a/libjni_burstpmk.so
classes4.dex	Lcom/arcsoft/imagepp/ArcSoftPPEngine;-><clinit>()V	com.arcsoft.imagepp.ArcSoftPPEngine	1	PACKAGED_LIBRARY_MATCH	ArcSoftPPEngine,jni_arcsoft_camera_pp_engine	jni_arcsoft_camera_pp_engine|lib/arm64-v8a/libjni_arcsoft_camera_pp_engine.so
classes4.dex	Lcom/fmui/media/documentscannersdk/Scanner;-><clinit>()V	com.fmui.media.documentscannersdk.Scanner	1	PACKAGED_LIBRARY_MATCH	Scanner,scanner	scanner|lib/arm64-v8a/libscanner.so
classes4.dex	Lcom/google/android/libraries/barhopper/BarhopperV3;-><init>()V	com.google.android.libraries.barhopper.BarhopperV3	1	PACKAGED_LIBRARY_MATCH	barhopper_v3	barhopper_v3|lib/arm64-v8a/libbarhopper_v3.so
classes4.dex	Lcom/google/android/renderscript/Toolkit;-><clinit>()V	com.google.android.renderscript.Toolkit	1	PACKAGED_LIBRARY_MATCH	renderscript-toolkit	renderscript-toolkit|lib/arm64-v8a/librenderscript-toolkit.so
classes4.dex	Lcom/morphoinc/core/MorphoImageRefiner;-><clinit>()V	com.morphoinc.core.MorphoImageRefiner	1	PACKAGED_LIBRARY_MATCH	MorphoImageRefiner,morpho_imagerefiner_jni	morpho_imagerefiner_jni|lib/arm64-v8a/libmorpho_imagerefiner_jni.so
classes4.dex	Lcom/morphoinc/core/MorphoPanoramaGP3;-><clinit>()V	com.morphoinc.core.MorphoPanoramaGP3	1	PACKAGED_LIBRARY_MATCH	MorphoPanoramaGP3,morpho_panorama_gp3_jni	morpho_panorama_gp3_jni|lib/arm64-v8a/libmorpho_panorama_gp3_jni.so
classes4.dex	Lcom/morphoinc/core/MorphoPanoramaGP;-><clinit>()V	com.morphoinc.core.MorphoPanoramaGP	1	PACKAGED_LIBRARY_MATCH	MorphoPanoramaGP,morpho_panorama_gp_jni	morpho_panorama_gp_jni|lib/arm64-v8a/libmorpho_panorama_gp_jni.so
classes4.dex	Lcom/morphoinc/core/MorphoSensorFusion;-><clinit>()V	com.morphoinc.core.MorphoSensorFusion	1	PACKAGED_LIBRARY_MATCH	morpho_sensor_fusion_jni	morpho_sensor_fusion_jni|lib/arm64-v8a/libmorpho_sensor_fusion_jni.so
classes4.dex	Lcom/morphoinc/rapideffect/jni/MorphoEffectFilter;-><clinit>()V	com.morphoinc.rapideffect.jni.MorphoEffectFilter	1	PACKAGED_LIBRARY_MATCH	EffectFilterJNI,morpho_rapid_effect_jni	morpho_rapid_effect_jni|lib/arm64-v8a/libmorpho_rapid_effect_jni.so
classes4.dex	Lcom/morphoinc/utils/NativeMemoryAllocator;-><clinit>()V	com.morphoinc.utils.NativeMemoryAllocator	1	PACKAGED_LIBRARY_MATCH	MorphoNativeMemoryAllocator,morpho_memory_allocator	morpho_memory_allocator|lib/arm64-v8a/libmorpho_memory_allocator.so
classes4.dex	Lcom/morphoinc/utils/camera/CameraJNI;-><clinit>()V	com.morphoinc.utils.camera.CameraJNI	1	PACKAGED_LIBRARY_MATCH	CameraJNI,morpho_camera_util	morpho_camera_util|lib/arm64-v8a/libmorpho_camera_util.so
classes4.dex	Lcom/morphoinc/utils/os/BuildPropJNI;-><clinit>()V	com.morphoinc.utils.os.BuildPropJNI	1	NO_EXACT_PACKAGED_LIBRARY_LITERAL_MATCH	buildpropJNI,morpho_buildprop_util	
classes4.dex	Lcom/nothing/algolib/aimoon/AiMoonJni;-><clinit>()V	com.nothing.algolib.aimoon.AiMoonJni	1	PACKAGED_LIBRARY_MATCH	AiMoonJni,aimoon	aimoon|lib/arm64-v8a/libaimoon.so
classes4.dex	Lcom/nothing/algolib/aimoon/IAiMoonJni$LibLoader;-><clinit>()V	com.nothing.algolib.aimoon.IAiMoonJni$LibLoader	1	PACKAGED_LIBRARY_MATCH	IAiMoonJni.LibLoader,aimoon,aimoonv2	aimoon|lib/arm64-v8a/libaimoon.so;aimoonv2|lib/arm64-v8a/libaimoonv2.so
classes4.dex	Lcom/nothing/algolib/altekColorFringeReduction/AltekColorFringeReductionUtil;-><clinit>()V	com.nothing.algolib.altekColorFringeReduction.AltekColorFringeReductionUtil	1	PACKAGED_LIBRARY_MATCH	AltekColorFringeReductionUtil,alCFR_jni	alCFR_jni|lib/arm64-v8a/libalCFR_jni.so
classes4.dex	Lcom/nothing/algolib/beautyshot/IBeautyShot$LibLoader;-><clinit>()V	com.nothing.algolib.beautyshot.IBeautyShot$LibLoader	1	PACKAGED_LIBRARY_MATCH	IBeautyShot,beautyShot,beautyShotV2	beautyShot|lib/arm64-v8a/libbeautyShot.so;beautyShotV2|lib/arm64-v8a/libbeautyShotV2.so
classes4.dex	Lcom/nothing/algolib/bokeh/DualBokehJni;-><clinit>()V	com.nothing.algolib.bokeh.DualBokehJni	1	PACKAGED_LIBRARY_MATCH	dualCamBokeh	dualCamBokeh|lib/arm64-v8a/libdualCamBokeh.so
classes4.dex	Lcom/nothing/algolib/boost/Boost;-><clinit>()V	com.nothing.algolib.boost.Boost	1	PACKAGED_LIBRARY_MATCH	BoostAlgo	BoostAlgo|lib/arm64-v8a/libBoostAlgo.so
classes4.dex	Lcom/nothing/algolib/darkvision/DarkVisionUtil;-><clinit>()V	com.nothing.algolib.darkvision.DarkVisionUtil	1	PACKAGED_LIBRARY_MATCH	darkVision	darkVision|lib/arm64-v8a/libdarkVision.so
classes4.dex	Lcom/nothing/algolib/dehaze/DehazeUtil;-><clinit>()V	com.nothing.algolib.dehaze.DehazeUtil	1	PACKAGED_LIBRARY_MATCH	DehazeUtil,dehaze	dehaze|lib/arm64-v8a/libdehaze.so
classes4.dex	Lcom/nothing/algolib/distortioncorrection/DistortionCorrectionUtil;-><clinit>()V	com.nothing.algolib.distortioncorrection.DistortionCorrectionUtil	1	PACKAGED_LIBRARY_MATCH	com.nothing.camera.distortioncorrection.dump,distortionCorrection	distortionCorrection|lib/arm64-v8a/libdistortionCorrection.so
classes4.dex	Lcom/nothing/algolib/dualCamBokeh/IDualCamBokeh$LibLoader;-><clinit>()V	com.nothing.algolib.dualCamBokeh.IDualCamBokeh$LibLoader	1	PACKAGED_LIBRARY_MATCH	IDualCamBokeh,dualCamBokeh,dualCamBokehV2	dualCamBokeh|lib/arm64-v8a/libdualCamBokeh.so;dualCamBokehV2|lib/arm64-v8a/libdualCamBokehV2.so
classes4.dex	Lcom/nothing/algolib/facialrestoration/FacialRestorationUtil;-><clinit>()V	com.nothing.algolib.facialrestoration.FacialRestorationUtil	1	PACKAGED_LIBRARY_MATCH	facialRestoration	facialRestoration|lib/arm64-v8a/libfacialRestoration.so
classes4.dex	Lcom/nothing/algolib/hdr5capture/Hdr5CaptureUtil;-><clinit>()V	com.nothing.algolib.hdr5capture.Hdr5CaptureUtil	1	PACKAGED_LIBRARY_MATCH	hdr5capture	hdr5capture|lib/arm64-v8a/libhdr5capture.so
classes4.dex	Lcom/nothing/algolib/hdrcapture/HdrCaptureUtil;-><clinit>()V	com.nothing.algolib.hdrcapture.HdrCaptureUtil	1	PACKAGED_LIBRARY_MATCH	com.nothing.camera.hdr.dump,hdrcapture	hdrcapture|lib/arm64-v8a/libhdrcapture.so
classes4.dex	Lcom/nothing/algolib/hdrcapture/HdrCaptureUtilV2;-><clinit>()V	com.nothing.algolib.hdrcapture.HdrCaptureUtilV2	1	PACKAGED_LIBRARY_MATCH	com.nothing.camera.hdr.dump,hdrcaptureV2	hdrcaptureV2|lib/arm64-v8a/libhdrcaptureV2.so
classes4.dex	Lcom/nothing/algolib/hdrdetection/HdrDetectionUtil;-><clinit>()V	com.nothing.algolib.hdrdetection.HdrDetectionUtil	1	PACKAGED_LIBRARY_MATCH	HdrDetectionUtil,hdrDetection	hdrDetection|lib/arm64-v8a/libhdrDetection.so
classes4.dex	Lcom/nothing/algolib/lensstaindetection/LensstainDetection;-><clinit>()V	com.nothing.algolib.lensstaindetection.LensstainDetection	1	PACKAGED_LIBRARY_MATCH	lensstainDetection	lensstainDetection|lib/arm64-v8a/liblensstainDetection.so
classes4.dex	Lcom/nothing/algolib/llhdrcapture/LowLightHdrUtil;-><clinit>()V	com.nothing.algolib.llhdrcapture.LowLightHdrUtil	1	PACKAGED_LIBRARY_MATCH	LowLightHdrUtil,com.nothing.camera.lowlighthdr.dump,llhdrcapture	llhdrcapture|lib/arm64-v8a/libllhdrcapture.so
classes4.dex	Lcom/nothing/algolib/maskdetection/MaskDetectionUtil;-><clinit>()V	com.nothing.algolib.maskdetection.MaskDetectionUtil	1	PACKAGED_LIBRARY_MATCH	MaskDetectionUtil,maskDetection	maskDetection|lib/arm64-v8a/libmaskDetection.so
classes4.dex	Lcom/nothing/algolib/notedetect/NoteDetectUtil;-><clinit>()V	com.nothing.algolib.notedetect.NoteDetectUtil	1	PACKAGED_LIBRARY_MATCH	NoteDetectUtil,noteDetect	noteDetect|lib/arm64-v8a/libnoteDetect.so
classes4.dex	Lcom/nothing/algolib/offlineproc/OfflineProcServer;-><clinit>()V	com.nothing.algolib.offlineproc.OfflineProcServer	1	NO_EXACT_PACKAGED_LIBRARY_LITERAL_MATCH		
classes4.dex	Lcom/nothing/algolib/portraitrepair/PortraitRepairUtil;-><clinit>()V	com.nothing.algolib.portraitrepair.PortraitRepairUtil	1	PACKAGED_LIBRARY_MATCH	portraitRepair	portraitRepair|lib/arm64-v8a/libportraitRepair.so
classes4.dex	Lcom/nothing/algolib/rawdeepdenoise/RawDeepDenoiseUtil;-><clinit>()V	com.nothing.algolib.rawdeepdenoise.RawDeepDenoiseUtil	1	PACKAGED_LIBRARY_MATCH	RawDeepDenoise,com.nothing.camera.motioncapture.dump	RawDeepDenoise|lib/arm64-v8a/libRawDeepDenoise.so
classes4.dex	Lcom/nothing/algolib/rawdeepdenoise/RawDeepDenoiseUtilV2;-><clinit>()V	com.nothing.algolib.rawdeepdenoise.RawDeepDenoiseUtilV2	1	PACKAGED_LIBRARY_MATCH	RawDeepDenoiseV2,com.nothing.camera.motioncapture.dump	RawDeepDenoiseV2|lib/arm64-v8a/libRawDeepDenoiseV2.so
classes4.dex	Lcom/nothing/algolib/rawhdr/RawHDRUtil;-><clinit>()V	com.nothing.algolib.rawhdr.RawHDRUtil	1	PACKAGED_LIBRARY_MATCH	rawhdrcapture,rawhdrfrontcapture,rawhdrmtkcapture	rawhdrcapture|lib/arm64-v8a/librawhdrcapture.so;rawhdrfrontcapture|lib/arm64-v8a/librawhdrfrontcapture.so;rawhdrmtkcapture|lib/arm64-v8a/librawhdrmtkcapture.so
classes4.dex	Lcom/nothing/algolib/rawhdr/RawJGEvUtil;-><clinit>()V	com.nothing.algolib.rawhdr.RawJGEvUtil	1	PACKAGED_LIBRARY_MATCH	JGRawHDR	JGRawHDR|lib/arm64-v8a/libJGRawHDR.so
classes4.dex	Lcom/nothing/algolib/rawhdr/RawSTHDRUtil;-><clinit>()V	com.nothing.algolib.rawhdr.RawSTHDRUtil	1	PACKAGED_LIBRARY_MATCH	strawhdr,strawhdr_v1	strawhdr|lib/arm64-v8a/libstrawhdr.so;strawhdr_v1|lib/arm64-v8a/libstrawhdr_v1.so
classes4.dex	Lcom/nothing/algolib/rawrps/RawRpsUtil;-><clinit>()V	com.nothing.algolib.rawrps.RawRpsUtil	1	PACKAGED_LIBRARY_MATCH	RawRPS,com.nothing.camera.rps.dump	RawRPS|lib/arm64-v8a/libRawRPS.so
classes4.dex	Lcom/nothing/algolib/removepurpleedge/RemovePurpleEdgeUtil;-><clinit>()V	com.nothing.algolib.removepurpleedge.RemovePurpleEdgeUtil	1	PACKAGED_LIBRARY_MATCH	remove_purple_edge	remove_purple_edge|lib/arm64-v8a/libremove_purple_edge.so
classes4.dex	Lcom/nothing/algolib/scenedetection/ISceneDetection$LibLoader;-><clinit>()V	com.nothing.algolib.scenedetection.ISceneDetection$LibLoader	1	PACKAGED_LIBRARY_MATCH	ISceneDetection,scene_detection_util,scene_detection_util_v2	scene_detection_util|lib/arm64-v8a/libscene_detection_util.so;scene_detection_util_v2|lib/arm64-v8a/libscene_detection_util_v2.so
classes4.dex	Lcom/nothing/algolib/singlecambokeh/ISingleCamBokeh$LibLoader;-><clinit>()V	com.nothing.algolib.singlecambokeh.ISingleCamBokeh$LibLoader	1	PACKAGED_LIBRARY_MATCH	ISingleCamBokeh,singlecamBokeh,singlecamBokehV2,singlecamBokehV3	singlecamBokeh|lib/arm64-v8a/libsinglecamBokeh.so;singlecamBokehV2|lib/arm64-v8a/libsinglecamBokehV2.so;singlecamBokehV3|lib/arm64-v8a/libsinglecamBokehV3.so
classes4.dex	Lcom/nothing/algolib/supernight/SuperNightUtil;-><clinit>()V	com.nothing.algolib.supernight.SuperNightUtil	1	PACKAGED_LIBRARY_MATCH	superNight,superPortraitNight	superNight|lib/arm64-v8a/libsuperNight.so;superPortraitNight|lib/arm64-v8a/libsuperPortraitNight.so
classes4.dex	Lcom/nothing/algolib/superportrait/SuperPortraitUtil;-><clinit>()V	com.nothing.algolib.superportrait.SuperPortraitUtil	1	PACKAGED_LIBRARY_MATCH	superPortrait	superPortrait|lib/arm64-v8a/libsuperPortrait.so
classes4.dex	Lcom/nothing/algolib/superresolution/RawSuperResolutionUtil;-><clinit>()V	com.nothing.algolib.superresolution.RawSuperResolutionUtil	1	PACKAGED_LIBRARY_MATCH	superResolutionRaw	superResolutionRaw|lib/arm64-v8a/libsuperResolutionRaw.so
classes4.dex	Lcom/nothing/algolib/superresolution/SuperResolutionUtil;-><clinit>()V	com.nothing.algolib.superresolution.SuperResolutionUtil	1	PACKAGED_LIBRARY_MATCH	SuperResolutionUtil,superResolution	superResolution|lib/arm64-v8a/libsuperResolution.so
classes4.dex	Lcom/nothing/algolib/turbonight/TurboNightUtil;-><clinit>()V	com.nothing.algolib.turbonight.TurboNightUtil	1	PACKAGED_LIBRARY_MATCH	turboNightFront,turbonight	turboNightFront|lib/arm64-v8a/libturboNightFront.so;turbonight|lib/arm64-v8a/libturbonight.so
classes4.dex	Lcom/nothing/algolib/watermark/WaterMarkUtil;-><clinit>()V	com.nothing.algolib.watermark.WaterMarkUtil	1	PACKAGED_LIBRARY_MATCH	waterMark	waterMark|lib/arm64-v8a/libwaterMark.so
classes4.dex	Lcom/nothing/camera/mode/strater/RaterUtils;-><clinit>()V	com.nothing.camera.mode.strater.RaterUtils	1	PACKAGED_LIBRARY_MATCH	jni_rater_api,stmobile_rater,vendor.camera.rater.debug.enabled,vendor.camera.rater.dump.enabled,vendor.camera.rater.enabled,yyyyMMdd-HHmmss	jni_rater_api|lib/arm64-v8a/libjni_rater_api.so
classes4.dex	Lcom/nothing/camera/mode/strater/STMRaterImpl;-><clinit>()V	com.nothing.camera.mode.strater.STMRaterImpl	1	PACKAGED_LIBRARY_MATCH	jni_rater_api,stmobile_rater	jni_rater_api|lib/arm64-v8a/libjni_rater_api.so
classes5.dex	Lcom/nothing/common/AWSClient;-><clinit>()V	com.nothing.common.AWSClient	1	PACKAGED_LIBRARY_MATCH	AWS	AWS|lib/arm64-v8a/libAWS.so
classes5.dex	Lcom/nothing/common/CloudFrontFileAccess;-><clinit>()V	com.nothing.common.CloudFrontFileAccess	1	PACKAGED_LIBRARY_MATCH	AWS	AWS|lib/arm64-v8a/libAWS.so
classes5.dex	Lcom/nothing/common/motion/libyuv/util/YuvUtil;-><clinit>()V	com.nothing.common.motion.libyuv.util.YuvUtil	1	NO_EXACT_PACKAGED_LIBRARY_LITERAL_MATCH	yuvutil	
classes5.dex	Lcom/nothing/common/refocus/DCBokeh_Native;-><clinit>()V	com.nothing.common.refocus.DCBokeh_Native	1	NO_EXACT_PACKAGED_LIBRARY_LITERAL_MATCH	dcbokeh_jni	
classes5.dex	Lcom/nothing/common/shortlink/RetrofitClient;-><clinit>()V	com.nothing.common.shortlink.RetrofitClient	1	PACKAGED_LIBRARY_MATCH	AWS	AWS|lib/arm64-v8a/libAWS.so
classes5.dex	Lcom/nothing/common/storage/DngTimeEditor;-><clinit>()V	com.nothing.common.storage.DngTimeEditor	1	PACKAGED_LIBRARY_MATCH	dngtimeeditor	dngtimeeditor|lib/arm64-v8a/libdngtimeeditor.so
classes5.dex	Lcom/nothing/common/utils/YuvImageEx;-><clinit>()V	com.nothing.common.utils.YuvImageEx	1	NO_EXACT_PACKAGED_LIBRARY_LITERAL_MATCH	YuvImageEx,yuv_jpeg_converter_jni	
classes5.dex	Lcom/nothing/media/camera/yuv/YuvUtil;-><clinit>()V	com.nothing.media.camera.yuv.YuvUtil	1	PACKAGED_LIBRARY_MATCH	localyuvutil	localyuvutil|lib/arm64-v8a/liblocalyuvutil.so
classes5.dex	Lcom/nothing/yuvutils/YuvUtils;-><clinit>()V	com.nothing.yuvutils.YuvUtils	1	PACKAGED_LIBRARY_MATCH	yuvutils	yuvutils|lib/arm64-v8a/libyuvutils.so
classes5.dex	Lcom/sensetime/renderlib/LoadLibraries;->loadOnce()V	com.sensetime.renderlib.LoadLibraries	1	PACKAGED_LIBRARY_MATCH	render_lib	render_lib|lib/arm64-v8a/librender_lib.so
classes5.dex	Lcom/zxingcpp/BarcodeReader;-><init>(Lcom/zxingcpp/BarcodeReader$Options;)V	com.zxingcpp.BarcodeReader	1	PACKAGED_LIBRARY_MATCH	options,zxingcpp_android	zxingcpp_android|lib/arm64-v8a/libzxingcpp_android.so
classes5.dex	Lcom/zxingcpp/BarcodeWriter;-><init>()V	com.zxingcpp.BarcodeWriter	1	PACKAGED_LIBRARY_MATCH	zxingcpp_android	zxingcpp_android|lib/arm64-v8a/libzxingcpp_android.so
classes6.dex	Lio/netty/util/internal/NativeLibraryUtil;->loadLibrary(Ljava/lang/String;Z)V	io.netty.util.internal.NativeLibraryUtil	1	NO_EXACT_PACKAGED_LIBRARY_LITERAL_MATCH		
classes6.dex	Lnet/jpountz/util/Native;->load()V	net.jpountz.util.Native	1	NO_EXACT_PACKAGED_LIBRARY_LITERAL_MATCH	.,.lck,LZ4JAVA_KEEP_TEMP_JNI_LIB,liblz4-java-,lz4-java,lz4java.jnilib.temp.keep,true	
classes6.dex	Lorg/tensorflow/lite/TensorFlowLite;->init()Z	org.tensorflow.lite.TensorFlowLite	1	PACKAGED_LIBRARY_MATCH	tensorflowlite_jni	tensorflowlite_jni|lib/arm64-v8a/libtensorflowlite_jni.so
