dex	class	name	descriptor	flags	priority	status	matches
classes.dex	androidx.camera.core.ImageProcessingUtil	nativeConvertAndroid420ToABGR	(Ljava/nio/ByteBuffer;ILjava/nio/ByteBuffer;ILjava/nio/ByteBuffer;IIILandroid/view/Surface;Ljava/nio/ByteBuffer;IIIIII)I	266	HIGH_CAMERA_ROUTING_OR_ISP	EXACT_EXPORTED_JNI_SYMBOL_MATCH	lib/arm64-v8a/libimage_processing_util_jni.so|Java_androidx_camera_core_ImageProcessingUtil_nativeConvertAndroid420ToABGR|0x00000000000066d8|1144
classes.dex	androidx.camera.core.ImageProcessingUtil	nativeConvertAndroid420ToBitmap	(Ljava/nio/ByteBuffer;ILjava/nio/ByteBuffer;ILjava/nio/ByteBuffer;IIILandroid/graphics/Bitmap;III)I	266	HIGH_CAMERA_ROUTING_OR_ISP	EXACT_EXPORTED_JNI_SYMBOL_MATCH	lib/arm64-v8a/libimage_processing_util_jni.so|Java_androidx_camera_core_ImageProcessingUtil_nativeConvertAndroid420ToBitmap|0x0000000000006b50|292
classes.dex	androidx.camera.core.ImageProcessingUtil	nativeCopyBetweenByteBufferAndBitmap	(Landroid/graphics/Bitmap;Ljava/nio/ByteBuffer;IIIIZ)I	266	HIGH_CAMERA_ROUTING_OR_ISP	EXACT_EXPORTED_JNI_SYMBOL_MATCH	lib/arm64-v8a/libimage_processing_util_jni.so|Java_androidx_camera_core_ImageProcessingUtil_nativeCopyBetweenByteBufferAndBitmap|0x000000000000630c|204
classes.dex	androidx.camera.core.ImageProcessingUtil	nativeRotateYUV	(Ljava/nio/ByteBuffer;ILjava/nio/ByteBuffer;ILjava/nio/ByteBuffer;IILjava/nio/ByteBuffer;IILjava/nio/ByteBuffer;IILjava/nio/ByteBuffer;IILjava/nio/ByteBuffer;Ljava/nio/ByteBuffer;Ljava/nio/ByteBuffer;III)I	266	HIGH_CAMERA_ROUTING_OR_ISP	EXACT_EXPORTED_JNI_SYMBOL_MATCH	lib/arm64-v8a/libimage_processing_util_jni.so|Java_androidx_camera_core_ImageProcessingUtil_nativeRotateYUV|0x0000000000006c74|2012
classes.dex	androidx.camera.core.ImageProcessingUtil	nativeShiftPixel	(Ljava/nio/ByteBuffer;ILjava/nio/ByteBuffer;ILjava/nio/ByteBuffer;IIIIIIII)I	266	HIGH_CAMERA_ROUTING_OR_ISP	EXACT_EXPORTED_JNI_SYMBOL_MATCH	lib/arm64-v8a/libimage_processing_util_jni.so|Java_androidx_camera_core_ImageProcessingUtil_nativeShiftPixel|0x00000000000063d8|440
classes.dex	androidx.camera.core.ImageProcessingUtil	nativeWriteJpegToSurface	([BLandroid/view/Surface;)I	266	HIGH_CAMERA_ROUTING_OR_ISP	EXACT_EXPORTED_JNI_SYMBOL_MATCH	lib/arm64-v8a/libimage_processing_util_jni.so|Java_androidx_camera_core_ImageProcessingUtil_nativeWriteJpegToSurface|0x0000000000006590|328
classes3.dex	androidx.graphics.path.ConicConverter	internalConicToQuadratics	([FI[FFF)I	274	GENERAL_NATIVE_DEPENDENCY	UNRESOLVED_OR_DYNAMIC_REGISTRATION	
classes3.dex	androidx.graphics.path.PathIteratorPreApi34Impl	createInternalPathIterator	(Landroid/graphics/Path;IF)J	274	GENERAL_NATIVE_DEPENDENCY	UNRESOLVED_OR_DYNAMIC_REGISTRATION	
classes3.dex	androidx.graphics.path.PathIteratorPreApi34Impl	destroyInternalPathIterator	(J)V	274	GENERAL_NATIVE_DEPENDENCY	UNRESOLVED_OR_DYNAMIC_REGISTRATION	
classes3.dex	androidx.graphics.path.PathIteratorPreApi34Impl	internalPathIteratorHasNext	(J)Z	274	GENERAL_NATIVE_DEPENDENCY	UNRESOLVED_OR_DYNAMIC_REGISTRATION	
classes3.dex	androidx.graphics.path.PathIteratorPreApi34Impl	internalPathIteratorNext	(J[FI)I	274	GENERAL_NATIVE_DEPENDENCY	UNRESOLVED_OR_DYNAMIC_REGISTRATION	
classes3.dex	androidx.graphics.path.PathIteratorPreApi34Impl	internalPathIteratorPeek	(J)I	274	GENERAL_NATIVE_DEPENDENCY	UNRESOLVED_OR_DYNAMIC_REGISTRATION	
classes3.dex	androidx.graphics.path.PathIteratorPreApi34Impl	internalPathIteratorRawSize	(J)I	274	HIGH_CAMERA_ROUTING_OR_ISP	UNRESOLVED_OR_DYNAMIC_REGISTRATION	
classes3.dex	androidx.graphics.path.PathIteratorPreApi34Impl	internalPathIteratorSize	(J)I	274	GENERAL_NATIVE_DEPENDENCY	UNRESOLVED_OR_DYNAMIC_REGISTRATION	
classes4.dex	com.arcsoft.camera.burstpmk.BurstPMKEngine	_InitPMK	(Ljava/lang/Object;IIIIIIIIII)J	258	HIGH_CAMERA_ROUTING_OR_ISP	UNRESOLVED_OR_DYNAMIC_REGISTRATION	
classes4.dex	com.arcsoft.camera.burstpmk.BurstPMKEngine	_ProcessPMK	(J[B)I	258	HIGH_CAMERA_ROUTING_OR_ISP	UNRESOLVED_OR_DYNAMIC_REGISTRATION	
classes4.dex	com.arcsoft.camera.burstpmk.BurstPMKEngine	_ProcessPMK_ByteBuffer	(J[Ljava/nio/ByteBuffer;I)I	258	HIGH_CAMERA_ROUTING_OR_ISP	UNRESOLVED_OR_DYNAMIC_REGISTRATION	
classes4.dex	com.arcsoft.camera.burstpmk.BurstPMKEngine	_PushSensorDataIn	(JI[FJ)I	258	HIGH_CAMERA_ROUTING_OR_ISP	UNRESOLVED_OR_DYNAMIC_REGISTRATION	
classes4.dex	com.arcsoft.camera.burstpmk.BurstPMKEngine	_ResizeData	(II[BIII)[B	258	HIGH_CAMERA_ROUTING_OR_ISP	UNRESOLVED_OR_DYNAMIC_REGISTRATION	
classes4.dex	com.arcsoft.camera.burstpmk.BurstPMKEngine	_StopProcessPMK	(J)I	258	HIGH_CAMERA_ROUTING_OR_ISP	UNRESOLVED_OR_DYNAMIC_REGISTRATION	
classes4.dex	com.arcsoft.camera.burstpmk.BurstPMKEngine	_UninitPMK	(J)I	258	HIGH_CAMERA_ROUTING_OR_ISP	UNRESOLVED_OR_DYNAMIC_REGISTRATION	
classes4.dex	com.arcsoft.imagepp.JniBridge	nativeCaptureCalculateDepthMap	(JLcom/arcsoft/imagepp/ArcSoftInput;Lcom/arcsoft/imagepp/ArcSoftInput;Lcom/arcsoft/imagepp/Param;ZZ)Lcom/arcsoft/imagepp/ArcSoftGDepthData;	265	MEDIUM_IMAGE_PROCESSING	UNRESOLVED_OR_DYNAMIC_REGISTRATION	
classes4.dex	com.arcsoft.imagepp.JniBridge	nativeCaptureCreate	(I)J	265	MEDIUM_IMAGE_PROCESSING	UNRESOLVED_OR_DYNAMIC_REGISTRATION	
classes4.dex	com.arcsoft.imagepp.JniBridge	nativeCaptureDestroy	(J)J	265	MEDIUM_IMAGE_PROCESSING	UNRESOLVED_OR_DYNAMIC_REGISTRATION	
classes4.dex	com.arcsoft.imagepp.JniBridge	nativeCaptureGetGDepthData	(J)Lcom/arcsoft/imagepp/ArcSoftGDepthData;	265	MEDIUM_IMAGE_PROCESSING	UNRESOLVED_OR_DYNAMIC_REGISTRATION	
classes4.dex	com.arcsoft.imagepp.JniBridge	nativeCaptureInit	(J[B)J	265	MEDIUM_IMAGE_PROCESSING	UNRESOLVED_OR_DYNAMIC_REGISTRATION	
classes4.dex	com.arcsoft.imagepp.JniBridge	nativeCaptureProcess	(JLcom/arcsoft/imagepp/ArcSoftInput;Lcom/arcsoft/imagepp/ArcSoftInput;Lcom/arcsoft/imagepp/Param;ZZ)J	265	MEDIUM_IMAGE_PROCESSING	UNRESOLVED_OR_DYNAMIC_REGISTRATION	
classes4.dex	com.arcsoft.imagepp.JniBridge	nativeCaptureProcessHdr	(JLcom/arcsoft/imagepp/ArcSoftInput;Lcom/arcsoft/imagepp/Param;Z)J	265	HIGH_CAMERA_ROUTING_OR_ISP	UNRESOLVED_OR_DYNAMIC_REGISTRATION	
classes4.dex	com.arcsoft.imagepp.JniBridge	nativeCaptureProcessHdrCalculateDepthMap	(JLcom/arcsoft/imagepp/ArcSoftInput;Lcom/arcsoft/imagepp/ArcSoftInput;Lcom/arcsoft/imagepp/Param;ZZ)Lcom/arcsoft/imagepp/ArcSoftGDepthData;	265	HIGH_CAMERA_ROUTING_OR_ISP	UNRESOLVED_OR_DYNAMIC_REGISTRATION	
classes4.dex	com.arcsoft.imagepp.JniBridge	nativeCaptureProcessWithGDepth	(JLcom/arcsoft/imagepp/MASVLOffscreen;Lcom/arcsoft/imagepp/ArcSoftGDepthData;Lcom/arcsoft/imagepp/Param;Z)J	265	MEDIUM_IMAGE_PROCESSING	UNRESOLVED_OR_DYNAMIC_REGISTRATION	
classes4.dex	com.arcsoft.imagepp.JniBridge	nativeCaptureReset	(J)J	265	MEDIUM_IMAGE_PROCESSING	UNRESOLVED_OR_DYNAMIC_REGISTRATION	
classes4.dex	com.arcsoft.imagepp.JniBridge	nativeConfig	(II)V	265	MEDIUM_IMAGE_PROCESSING	UNRESOLVED_OR_DYNAMIC_REGISTRATION	
classes4.dex	com.arcsoft.imagepp.JniBridge	nativeGetConfig	(I)I	265	MEDIUM_IMAGE_PROCESSING	UNRESOLVED_OR_DYNAMIC_REGISTRATION	
classes4.dex	com.arcsoft.imagepp.JniBridge	nativePreviewCreate	(I)J	265	MEDIUM_IMAGE_PROCESSING	UNRESOLVED_OR_DYNAMIC_REGISTRATION	
classes4.dex	com.arcsoft.imagepp.JniBridge	nativePreviewDestroy	(J)J	265	MEDIUM_IMAGE_PROCESSING	UNRESOLVED_OR_DYNAMIC_REGISTRATION	
classes4.dex	com.arcsoft.imagepp.JniBridge	nativePreviewInit	(J[B)J	265	MEDIUM_IMAGE_PROCESSING	UNRESOLVED_OR_DYNAMIC_REGISTRATION	
classes4.dex	com.arcsoft.imagepp.JniBridge	nativePreviewProcess	(JLcom/arcsoft/imagepp/ArcSoftInput;Lcom/arcsoft/imagepp/ArcSoftInput;Lcom/arcsoft/imagepp/Param;ZZ)J	265	MEDIUM_IMAGE_PROCESSING	UNRESOLVED_OR_DYNAMIC_REGISTRATION	
classes4.dex	com.arcsoft.imagepp.JniBridge	nativePreviewProcessWithOutputs	(JLcom/arcsoft/imagepp/ArcSoftInput;Lcom/arcsoft/imagepp/ArcSoftInput;Lcom/arcsoft/imagepp/Param;Ljava/nio/ByteBuffer;Ljava/nio/ByteBuffer;ZZ)J	265	MEDIUM_IMAGE_PROCESSING	UNRESOLVED_OR_DYNAMIC_REGISTRATION	
classes4.dex	com.arcsoft.imagepp.JniBridge	nativePreviewReset	(J)J	265	MEDIUM_IMAGE_PROCESSING	UNRESOLVED_OR_DYNAMIC_REGISTRATION	
classes4.dex	com.arcsoft.imagepp.JniBridge	nativeSetExternalDir	(Ljava/lang/String;)V	265	MEDIUM_IMAGE_PROCESSING	UNRESOLVED_OR_DYNAMIC_REGISTRATION	
classes4.dex	com.fmui.media.documentscannersdk.Scanner	nativeCrop	(Landroid/graphics/Bitmap;[Landroid/graphics/Point;Landroid/graphics/Bitmap;)V	266	MEDIUM_IMAGE_PROCESSING	UNRESOLVED_OR_DYNAMIC_REGISTRATION	
classes4.dex	com.fmui.media.documentscannersdk.Scanner	nativeFindPoints	([BII[Landroid/graphics/Point;)V	266	MEDIUM_IMAGE_PROCESSING	UNRESOLVED_OR_DYNAMIC_REGISTRATION	
classes4.dex	com.fmui.media.documentscannersdk.Scanner	nativeGetVersionCode	()Ljava/lang/String;	266	MEDIUM_IMAGE_PROCESSING	UNRESOLVED_OR_DYNAMIC_REGISTRATION	
classes4.dex	com.fmui.media.documentscannersdk.Scanner	nativeScan	(Landroid/graphics/Bitmap;[Landroid/graphics/Point;)V	266	MEDIUM_IMAGE_PROCESSING	UNRESOLVED_OR_DYNAMIC_REGISTRATION	
classes4.dex	com.google.android.gms.tasks.NativeOnCompleteListener	nativeOnComplete	(JLjava/lang/Object;ZZLjava/lang/String;)V	257	GENERAL_NATIVE_DEPENDENCY	UNRESOLVED_OR_DYNAMIC_REGISTRATION	
classes4.dex	com.google.android.libraries.barhopper.BarhopperV3	closeNative	(J)V	258	GENERAL_NATIVE_DEPENDENCY	EXACT_EXPORTED_JNI_SYMBOL_MATCH	lib/arm64-v8a/libbarhopper_v3.so|Java_com_google_android_libraries_barhopper_BarhopperV3_closeNative|0x00000000000bccf4|32
classes4.dex	com.google.android.libraries.barhopper.BarhopperV3	createNative	()J	258	GENERAL_NATIVE_DEPENDENCY	EXACT_EXPORTED_JNI_SYMBOL_MATCH	lib/arm64-v8a/libbarhopper_v3.so|Java_com_google_android_libraries_barhopper_BarhopperV3_createNative|0x00000000000bcbcc|32
classes4.dex	com.google.android.libraries.barhopper.BarhopperV3	createNativeWithClientOptions	([B)J	258	GENERAL_NATIVE_DEPENDENCY	EXACT_EXPORTED_JNI_SYMBOL_MATCH	lib/arm64-v8a/libbarhopper_v3.so|Java_com_google_android_libraries_barhopper_BarhopperV3_createNativeWithClientOptions|0x00000000000bcbec|200
classes4.dex	com.google.android.libraries.barhopper.BarhopperV3	recognizeBitmapNative	(JLandroid/graphics/Bitmap;Lcom/google/android/libraries/barhopper/RecognitionOptions;)[B	258	GENERAL_NATIVE_DEPENDENCY	EXACT_EXPORTED_JNI_SYMBOL_MATCH	lib/arm64-v8a/libbarhopper_v3.so|Java_com_google_android_libraries_barhopper_BarhopperV3_recognizeBitmapNative|0x00000000000bcd14|412
classes4.dex	com.google.android.libraries.barhopper.BarhopperV3	recognizeBufferNative	(JIILjava/nio/ByteBuffer;Lcom/google/android/libraries/barhopper/RecognitionOptions;)[B	258	GENERAL_NATIVE_DEPENDENCY	EXACT_EXPORTED_JNI_SYMBOL_MATCH	lib/arm64-v8a/libbarhopper_v3.so|Java_com_google_android_libraries_barhopper_BarhopperV3_recognizeBufferNative|0x00000000000bcfb0|108
